"Etat","Date","Population","Crime_Violent"
"Alabama",1960,3266740,6097
"Alabama",1961,3302000,5564
"Alabama",1962,3358000,5283
"Alabama",1963,3347000,6115
"Alabama",1964,3407000,7260
"Alabama",1965,3462000,6916
"Alabama",1966,3517000,8098
"Alabama",1967,3540000,8448
"Alabama",1968,3566000,8288
"Alabama",1969,3531000,8842
"Alabama",1970,3444165,10185
"Alabama",1971,3479000,10835
"Alabama",1972,3510000,10994
"Alabama",1973,3539000,12390
"Alabama",1974,3577000,13338
"Alabama",1975,3614000,14201
"Alabama",1976,3665000,14248
"Alabama",1977,3690000,15293
"Alabama",1978,3742000,15682
"Alabama",1979,3769000,15578
"Alabama",1980,3861466,17320
"Alabama",1981,3916000,18423
"Alabama",1982,3943000,17653
"Alabama",1983,3959000,16471
"Alabama",1984,3990000,17204
"Alabama",1985,4021000,18398
"Alabama",1986,4053000,22616
"Alabama",1987,4083000,22833
"Alabama",1988,4127000,23052
"Alabama",1989,4118000,24329
"Alabama",1990,4040587,28630
"Alabama",1991,4089000,34518
"Alabama",1992,4136000,36052
"Alabama",1993,4187000,32676
"Alabama",1994,4219000,28844
"Alabama",1995,4253000,26894
"Alabama",1996,4273000,24159
"Alabama",1997,4319000,24379
"Alabama",1998,4352000,22286
"Alabama",1999,4370000,21421
"Alabama",2000,4447100,21620
"Alabama",2001,4464356,19582
"Alabama",2002,4478896,19931
"Alabama",2003,4503726,19331
"Alabama",2004,4525375,19324
"Alabama",2005,4557808,19678
"Alaska",1960,226167,236
"Alaska",1961,234000,208
"Alaska",1962,246000,225
"Alaska",1963,248000,272
"Alaska",1964,250000,375
"Alaska",1965,253000,377
"Alaska",1966,272000,409
"Alaska",1967,272000,437
"Alaska",1968,277000,486
"Alaska",1969,282000,624
"Alaska",1970,302173,840
"Alaska",1971,313000,1112
"Alaska",1972,325000,1204
"Alaska",1973,330000,1269
"Alaska",1974,337000,1527
"Alaska",1975,352000,1900
"Alaska",1976,382000,2063
"Alaska",1977,407000,1804
"Alaska",1978,403000,1781
"Alaska",1979,406000,1994
"Alaska",1980,440142,1919
"Alaska",1981,412000,2537
"Alaska",1982,438000,2732
"Alaska",1983,479000,2940
"Alaska",1984,500000,3108
"Alaska",1985,521000,3031
"Alaska",1986,534000,3046
"Alaska",1987,525000,2391
"Alaska",1988,513000,2682
"Alaska",1989,527000,2623
"Alaska",1990,550043,2885
"Alaska",1991,570000,3499
"Alaska",1992,587000,3877
"Alaska",1993,599000,4557
"Alaska",1994,606000,4644
"Alaska",1995,604000,4656
"Alaska",1996,607000,4417
"Alaska",1997,609000,4270
"Alaska",1998,614000,4015
"Alaska",1999,619000,3908
"Alaska",2000,626932,3554
"Alaska",2001,634892,3735
"Alaska",2002,641482,3627
"Alaska",2003,648280,3877
"Alaska",2004,657755,4159
"Alaska",2005,663661,4194
"Arizona",1960,1302161,2704
"Arizona",1961,1391000,2288
"Arizona",1962,1509000,2610
"Arizona",1963,1559000,3027
"Arizona",1964,1581000,3368
"Arizona",1965,1608000,3092
"Arizona",1966,1618000,3272
"Arizona",1967,1634000,3892
"Arizona",1968,1670000,4402
"Arizona",1969,1693000,5742
"Arizona",1970,1772482,6564
"Arizona",1971,1849000,7407
"Arizona",1972,1945000,8731
"Arizona",1973,2058000,9877
"Arizona",1974,2153000,12202
"Arizona",1975,2224000,12184
"Arizona",1976,2270000,10335
"Arizona",1977,2296000,11347
"Arizona",1978,2354000,12996
"Arizona",1979,2450000,14528
"Arizona",1980,2715357,17673
"Arizona",1981,2793000,16082
"Arizona",1982,2860000,14785
"Arizona",1983,2963000,14642
"Arizona",1984,3053000,15756
"Arizona",1985,3187000,19202
"Arizona",1986,3317000,21835
"Arizona",1987,3386000,20742
"Arizona",1988,3466000,21147
"Arizona",1989,3556000,21320
"Arizona",1990,3665228,23911
"Arizona",1991,3750000,25152
"Arizona",1992,3832000,25706
"Arizona",1993,3936000,28142
"Arizona",1994,4075000,28653
"Arizona",1995,4218000,30095
"Arizona",1996,4428000,27963
"Arizona",1997,4555000,28411
"Arizona",1998,4669000,26984
"Arizona",1999,4778000,26334
"Arizona",2000,5130632,27281
"Arizona",2001,5307331,28675
"Arizona",2002,5441125,30171
"Arizona",2003,5579222,28638
"Arizona",2004,5739879,28952
"Arizona",2005,5939292,30478
"Arkansas",1960,1786272,1924
"Arkansas",1961,1797000,1809
"Arkansas",1962,1823000,1667
"Arkansas",1963,1858000,1991
"Arkansas",1964,1933000,2641
"Arkansas",1965,1960000,2662
"Arkansas",1966,1955000,3185
"Arkansas",1967,1968000,4320
"Arkansas",1968,2012000,4360
"Arkansas",1969,1995000,4390
"Arkansas",1970,1923295,4276
"Arkansas",1971,1944000,4680
"Arkansas",1972,1978000,4840
"Arkansas",1973,2037000,5905
"Arkansas",1974,2062000,6521
"Arkansas",1975,2116000,7369
"Arkansas",1976,2109000,6410
"Arkansas",1977,2144000,6924
"Arkansas",1978,2186000,7522
"Arkansas",1979,2180000,7984
"Arkansas",1980,2284037,7656
"Arkansas",1981,2294000,7119
"Arkansas",1982,2291000,7438
"Arkansas",1983,2328000,6930
"Arkansas",1984,2349000,7549
"Arkansas",1985,2359000,8199
"Arkansas",1986,2372000,9365
"Arkansas",1987,2388000,9839
"Arkansas",1988,2422000,10237
"Arkansas",1989,2406000,11397
"Arkansas",1990,2350725,12511
"Arkansas",1991,2372000,14072
"Arkansas",1992,2399000,13831
"Arkansas",1993,2424000,14381
"Arkansas",1994,2453000,14598
"Arkansas",1995,2484000,13741
"Arkansas",1996,2510000,13161
"Arkansas",1997,2523000,13293
"Arkansas",1998,2538000,12442
"Arkansas",1999,2551000,10848
"Arkansas",2000,2673400,11904
"Arkansas",2001,2692090,12190
"Arkansas",2002,2706268,11501
"Arkansas",2003,2727774,12449
"Arkansas",2004,2750000,13814
"Arkansas",2005,2779154,14659
"California",1960,15717204,37558
"California",1961,16397000,38154
"California",1962,16970000,39846
"California",1963,17590000,42419
"California",1964,18084000,48026
"California",1965,18602000,52490
"California",1966,18918000,57718
"California",1967,19153000,67446
"California",1968,19221000,81293
"California",1969,19443000,89878
"California",1970,19953134,94741
"California",1971,20223000,104872
"California",1972,20468000,110667
"California",1973,20601000,116563
"California",1974,20907000,127658
"California",1975,21185000,138842
"California",1976,21520000,144041
"California",1977,21896000,154582
"California",1978,22294000,165626
"California",1979,22696000,184087
"California",1980,23532680,210290
"California",1981,24159000,208485
"California",1982,24724000,201429
"California",1983,25174000,194491
"California",1984,25622000,195589
"California",1985,26365000,201763
"California",1986,26981000,248370
"California",1987,27663000,253943
"California",1988,28168000,261912
"California",1989,29063000,284136
"California",1990,29760021,311051
"California",1991,30380000,331122
"California",1992,30867000,345624
"California",1993,31211000,336381
"California",1994,31431000,318395
"California",1995,31589000,305154
"California",1996,31878000,274996
"California",1997,32268000,257582
"California",1998,32667000,229883
"California",1999,33145000,207879
"California",2000,33871648,210531
"California",2001,34501130,212855
"California",2002,35001986,208388
"California",2003,35462712,205551
"California",2004,35842038,189175
"California",2005,36132147,190178
"Colorado",1960,1753947,2408
"Colorado",1961,1781000,2659
"Colorado",1962,1907000,2990
"Colorado",1963,1961000,2555
"Colorado",1964,1966000,3119
"Colorado",1965,1969000,3007
"Colorado",1966,1977000,3340
"Colorado",1967,1975000,3789
"Colorado",1968,2048000,5387
"Colorado",1969,2100000,6275
"Colorado",1970,2207259,7874
"Colorado",1971,2283000,8530
"Colorado",1972,2357000,9555
"Colorado",1973,2437000,10088
"Colorado",1974,2496000,10728
"Colorado",1975,2534000,11735
"Colorado",1976,2583000,10770
"Colorado",1977,2619000,13407
"Colorado",1978,2670000,13296
"Colorado",1979,2772000,14472
"Colorado",1980,2878407,15215
"Colorado",1981,2963000,15755
"Colorado",1982,3045000,15354
"Colorado",1983,3139000,14955
"Colorado",1984,3178000,14548
"Colorado",1985,3231000,15219
"Colorado",1986,3267000,17105
"Colorado",1987,3296000,15409
"Colorado",1988,3290000,15548
"Colorado",1989,3317000,15636
"Colorado",1990,3294394,17328
"Colorado",1991,3377000,18887
"Colorado",1992,3470000,20086
"Colorado",1993,3566000,20229
"Colorado",1994,3656000,18632
"Colorado",1995,3747000,16494
"Colorado",1996,3823000,15463
"Colorado",1997,3893000,14139
"Colorado",1998,3971000,15008
"Colorado",1999,4056000,13811
"Colorado",2000,4301261,14367
"Colorado",2001,4417714,15492
"Colorado",2002,4501051,15882
"Colorado",2003,4547633,15757
"Colorado",2004,4601821,17121
"Colorado",2005,4665177,18498
"Connecticut",1960,2535234,928
"Connecticut",1961,2614000,878
"Connecticut",1962,2597000,938
"Connecticut",1963,2666000,1192
"Connecticut",1964,2766000,1773
"Connecticut",1965,2832000,1973
"Connecticut",1966,2875000,2146
"Connecticut",1967,2925000,2804
"Connecticut",1968,2959000,3825
"Connecticut",1969,3000000,4415
"Connecticut",1970,3032217,5167
"Connecticut",1971,3081000,5968
"Connecticut",1972,3082000,6138
"Connecticut",1973,3076000,6421
"Connecticut",1974,3088000,7045
"Connecticut",1975,3095000,8308
"Connecticut",1976,3117000,8516
"Connecticut",1977,3108000,8774
"Connecticut",1978,3099000,9762
"Connecticut",1979,3115000,12902
"Connecticut",1980,3095224,12768
"Connecticut",1981,3132000,14033
"Connecticut",1982,3153000,12597
"Connecticut",1983,3138000,11767
"Connecticut",1984,3154000,12422
"Connecticut",1985,3174000,12758
"Connecticut",1986,3189000,13578
"Connecticut",1987,3211000,13455
"Connecticut",1988,3241000,14759
"Connecticut",1989,3239000,16576
"Connecticut",1990,3287116,18201
"Connecticut",1991,3291000,17761
"Connecticut",1992,3281000,16252
"Connecticut",1993,3277000,14949
"Connecticut",1994,3275000,14916
"Connecticut",1995,3275000,13293
"Connecticut",1996,3274000,13490
"Connecticut",1997,3270000,12781
"Connecticut",1998,3274000,11993
"Connecticut",1999,3282000,11342
"Connecticut",2000,3405565,11058
"Connecticut",2001,3425074,11492
"Connecticut",2002,3458587,10807
"Connecticut",2003,3486960,11045
"Connecticut",2004,3498966,10113
"Connecticut",2005,3510297,9635
"Delaware",1960,446292,375
"Delaware",1961,458000,318
"Delaware",1962,469000,338
"Delaware",1963,476000,424
"Delaware",1964,491000,541
"Delaware",1965,505000,561
"Delaware",1966,512000,655
"Delaware",1967,524000,948
"Delaware",1968,534000,1288
"Delaware",1969,540000,1588
"Delaware",1970,548104,1795
"Delaware",1971,558000,2060
"Delaware",1972,565000,2181
"Delaware",1973,576000,2016
"Delaware",1974,573000,2539
"Delaware",1975,579000,2270
"Delaware",1976,582000,1872
"Delaware",1977,582000,2224
"Delaware",1978,583000,2569
"Delaware",1979,582000,3127
"Delaware",1980,594779,2824
"Delaware",1981,598000,3044
"Delaware",1982,602000,3370
"Delaware",1983,606000,2746
"Delaware",1984,613000,2671
"Delaware",1985,622000,2695
"Delaware",1986,633000,2703
"Delaware",1987,644000,2774
"Delaware",1988,660000,2981
"Delaware",1989,673000,3745
"Delaware",1990,666168,4365
"Delaware",1991,680000,4857
"Delaware",1992,689000,4280
"Delaware",1993,700000,4801
"Delaware",1994,706000,4549
"Delaware",1995,717000,5198
"Delaware",1996,725000,4845
"Delaware",1997,732000,5753
"Delaware",1998,744000,5672
"Delaware",1999,754000,5534
"Delaware",2000,783600,5363
"Delaware",2001,796165,4868
"Delaware",2002,805945,4836
"Delaware",2003,818166,5525
"Delaware",2004,830069,5105
"Delaware",2005,843524,5332
"District_of_Columbia",1960,763956,4230
"District_of_Columbia",1961,763956,4491
"District_of_Columbia",1962,784000,4750
"District_of_Columbia",1963,798000,4740
"District_of_Columbia",1964,808000,5112
"District_of_Columbia",1965,803000,5804
"District_of_Columbia",1966,808000,7155
"District_of_Columbia",1967,809000,9252
"District_of_Columbia",1968,809000,12180
"District_of_Columbia",1969,798000,17038
"District_of_Columbia",1970,756510,16846
"District_of_Columbia",1971,741000,16084
"District_of_Columbia",1972,748000,12607
"District_of_Columbia",1973,746000,11626
"District_of_Columbia",1974,723000,11590
"District_of_Columbia",1975,716000,12704
"District_of_Columbia",1976,702000,10399
"District_of_Columbia",1977,690000,9843
"District_of_Columbia",1978,674000,9515
"District_of_Columbia",1979,656000,10553
"District_of_Columbia",1980,635233,12772
"District_of_Columbia",1981,636000,14468
"District_of_Columbia",1982,631000,13397
"District_of_Columbia",1983,623000,11933
"District_of_Columbia",1984,623000,10725
"District_of_Columbia",1985,626000,10171
"District_of_Columbia",1986,626000,9423
"District_of_Columbia",1987,622000,10016
"District_of_Columbia",1988,620000,11914
"District_of_Columbia",1989,604000,12937
"District_of_Columbia",1990,606900,14919
"District_of_Columbia",1991,598000,14671
"District_of_Columbia",1992,589000,16685
"District_of_Columbia",1993,578000,16888
"District_of_Columbia",1994,570000,15177
"District_of_Columbia",1995,554000,14744
"District_of_Columbia",1996,543000,13411
"District_of_Columbia",1997,529000,10708
"District_of_Columbia",1998,523000,8988
"District_of_Columbia",1999,519000,8448
"District_of_Columbia",2000,572059,8626
"District_of_Columbia",2001,571822,9931
"District_of_Columbia",2002,569157,9322
"District_of_Columbia",2003,557620,9061
"District_of_Columbia",2004,554239,7590
"District_of_Columbia",2005,550521,8032
"Florida",1960,4951560,11061
"Florida",1961,5222000,11376
"Florida",1962,5459000,10489
"Florida",1963,5652000,12150
"Florida",1964,5705000,16539
"Florida",1965,5805000,17386
"Florida",1966,5941000,20069
"Florida",1967,5995000,23399
"Florida",1968,6160000,27913
"Florida",1969,6354000,29411
"Florida",1970,6789443,33824
"Florida",1971,7041000,38575
"Florida",1972,7259000,40252
"Florida",1973,7678000,46419
"Florida",1974,8090000,54821
"Florida",1975,8357000,57540
"Florida",1976,8421000,54597
"Florida",1977,8452000,58052
"Florida",1978,8594000,65792
"Florida",1979,8860000,73881
"Florida",1980,9567112,94095
"Florida",1981,10166000,98109
"Florida",1982,10416000,93411
"Florida",1983,10680000,88292
"Florida",1984,10976000,95270
"Florida",1985,11366000,106971
"Florida",1986,11675000,121013
"Florida",1987,12023000,123168
"Florida",1988,12377000,138343
"Florida",1989,12671000,140575
"Florida",1990,12937926,160990
"Florida",1991,13277000,157243
"Florida",1992,13488000,162827
"Florida",1993,13679000,164975
"Florida",1994,13953000,160016
"Florida",1995,14166000,151711
"Florida",1996,14400000,151350
"Florida",1997,14654000,149996
"Florida",1998,14916000,140016
"Florida",1999,15111000,129044
"Florida",2000,15982378,129777
"Florida",2001,16396515,130713
"Florida",2002,16691701,128721
"Florida",2003,16999181,124280
"Florida",2004,17385430,123754
"Florida",2005,17789864,125957
"Georgia",1960,3943116,6262
"Georgia",1961,3987000,6269
"Georgia",1962,4100000,6200
"Georgia",1963,4140000,7019
"Georgia",1964,4294000,8285
"Georgia",1965,4357000,8777
"Georgia",1966,4459000,9066
"Georgia",1967,4509000,8536
"Georgia",1968,4588000,9903
"Georgia",1969,4641000,11235
"Georgia",1970,4589575,13976
"Georgia",1971,4664000,15898
"Georgia",1972,4720000,17823
"Georgia",1973,4786000,19738
"Georgia",1974,4882000,21587
"Georgia",1975,4926000,22608
"Georgia",1976,4970000,21030
"Georgia",1977,5048000,22203
"Georgia",1978,5084000,24545
"Georgia",1979,5118000,28594
"Georgia",1980,5400851,29993
"Georgia",1981,5569000,30527
"Georgia",1982,5639000,26963
"Georgia",1983,5732000,26179
"Georgia",1984,5837000,27935
"Georgia",1985,5976000,30311
"Georgia",1986,6104000,35869
"Georgia",1987,6222000,35868
"Georgia",1988,6401000,42589
"Georgia",1989,6436000,47357
"Georgia",1990,6478216,48996
"Georgia",1991,6623000,48894
"Georgia",1992,6751000,49496
"Georgia",1993,6917000,50019
"Georgia",1994,7055000,47103
"Georgia",1995,7201000,47317
"Georgia",1996,7353000,46966
"Georgia",1997,7486000,45408
"Georgia",1998,7642000,43762
"Georgia",1999,7788000,41585
"Georgia",2000,8186453,41319
"Georgia",2001,8383915,41671
"Georgia",2002,8544005,39271
"Georgia",2003,8676460,39435
"Georgia",2004,8918129,40217
"Georgia",2005,9072576,40725
"Hawaii",1960,632772,138
"Hawaii",1961,657000,161
"Hawaii",1962,693000,256
"Hawaii",1963,694000,215
"Hawaii",1964,701000,575
"Hawaii",1965,711000,491
"Hawaii",1966,718000,598
"Hawaii",1967,739000,591
"Hawaii",1968,778000,662
"Hawaii",1969,794000,684
"Hawaii",1970,769913,938
"Hawaii",1971,789000,1830
"Hawaii",1972,809000,1258
"Hawaii",1973,832000,1295
"Hawaii",1974,847000,1762
"Hawaii",1975,865000,1889
"Hawaii",1976,887000,2034
"Hawaii",1977,895000,2012
"Hawaii",1978,897000,2423
"Hawaii",1979,915000,2651
"Hawaii",1980,964680,2889
"Hawaii",1981,979000,2424
"Hawaii",1982,994000,2542
"Hawaii",1983,1023000,2579
"Hawaii",1984,1039000,2409
"Hawaii",1985,1054000,2313
"Hawaii",1986,1062000,2604
"Hawaii",1987,1083000,2851
"Hawaii",1988,1093000,2810
"Hawaii",1989,1112000,3004
"Hawaii",1990,1108229,3113
"Hawaii",1991,1135000,2744
"Hawaii",1992,1160000,2998
"Hawaii",1993,1172000,3061
"Hawaii",1994,1179000,3091
"Hawaii",1995,1187000,3509
"Hawaii",1996,1184000,3322
"Hawaii",1997,1187000,3299
"Hawaii",1998,1193000,2946
"Hawaii",1999,1185000,2785
"Hawaii",2000,1211537,2954
"Hawaii",2001,1224398,3117
"Hawaii",2002,1240663,3262
"Hawaii",2003,1248755,3400
"Hawaii",2004,1262124,3213
"Hawaii",2005,1275194,3253
"Idaho",1960,667191,255
"Idaho",1961,684000,222
"Idaho",1962,698000,234
"Idaho",1963,713000,362
"Idaho",1964,692000,537
"Idaho",1965,692000,493
"Idaho",1966,694000,461
"Idaho",1967,699000,478
"Idaho",1968,705000,518
"Idaho",1969,718000,806
"Idaho",1970,713008,879
"Idaho",1971,732000,917
"Idaho",1972,756000,1085
"Idaho",1973,770000,1264
"Idaho",1974,799000,1465
"Idaho",1975,820000,1670
"Idaho",1976,831000,1884
"Idaho",1977,857000,2030
"Idaho",1978,878000,2076
"Idaho",1979,905000,2613
"Idaho",1980,943629,2957
"Idaho",1981,959000,2717
"Idaho",1982,965000,2501
"Idaho",1983,989000,2361
"Idaho",1984,1001000,2355
"Idaho",1985,1005000,2360
"Idaho",1986,1003000,2232
"Idaho",1987,998000,2138
"Idaho",1988,999000,2345
"Idaho",1989,1014000,2582
"Idaho",1990,1006749,2776
"Idaho",1991,1039000,3016
"Idaho",1992,1067000,3003
"Idaho",1993,1099000,3097
"Idaho",1994,1133000,3238
"Idaho",1995,1163000,3745
"Idaho",1996,1189000,3177
"Idaho",1997,1210000,3107
"Idaho",1998,1229000,3468
"Idaho",1999,1252000,3066
"Idaho",2000,1293953,3267
"Idaho",2001,1321006,3211
"Idaho",2002,1343124,3419
"Idaho",2003,1367034,3362
"Idaho",2004,1395140,3452
"Idaho",2005,1429096,3670
"Illinois",1960,10081158,36802
"Illinois",1961,10258000,37156
"Illinois",1962,10146000,38926
"Illinois",1963,10182000,33627
"Illinois",1964,10489000,36916
"Illinois",1965,10644000,34345
"Illinois",1966,10722000,39116
"Illinois",1967,10893000,42956
"Illinois",1968,10974000,44776
"Illinois",1969,11047000,49543
"Illinois",1970,11113976,52006
"Illinois",1971,11196000,53436
"Illinois",1972,11251000,57162
"Illinois",1973,11236000,62457
"Illinois",1974,11131000,69806
"Illinois",1975,11145000,74699
"Illinois",1976,11229000,70266
"Illinois",1977,11245000,70910
"Illinois",1978,11243000,76084
"Illinois",1979,11230000,83540
"Illinois",1980,11355062,91753
"Illinois",1981,11455000,90781
"Illinois",1982,11448000,88644
"Illinois",1983,11486000,83629
"Illinois",1984,11511000,83441
"Illinois",1985,11535000,82448
"Illinois",1986,11533000,93454
"Illinois",1987,11582000,92216
"Illinois",1988,11544000,93557
"Illinois",1989,11658000,98611
"Illinois",1990,11430602,110575
"Illinois",1991,11543000,119955
"Illinois",1992,11631000,113664
"Illinois",1993,11697000,112260
"Illinois",1994,11752000,112928
"Illinois",1995,11830000,117836
"Illinois",1996,11847000,105482
"Illinois",1997,11896000,102476
"Illinois",1998,12045000,97291
"Illinois",1999,12128000,83621
"Illinois",2000,12419293,81196
"Illinois",2001,12482301,79504
"Illinois",2002,12586447,75759
"Illinois",2003,12649087,70376
"Illinois",2004,12712016,69365
"Illinois",2005,12763371,70392
"Indiana",1960,4662498,3945
"Indiana",1961,4711000,4044
"Indiana",1962,4715000,4191
"Indiana",1963,4694000,4819
"Indiana",1964,4825000,6564
"Indiana",1965,4885000,6695
"Indiana",1966,4918000,7196
"Indiana",1967,5000000,8143
"Indiana",1968,5067000,10229
"Indiana",1969,5118000,10141
"Indiana",1970,5193669,12184
"Indiana",1971,5274000,13031
"Indiana",1972,5291000,12968
"Indiana",1973,5316000,13696
"Indiana",1974,5330000,15631
"Indiana",1975,5311000,17677
"Indiana",1976,5302000,16721
"Indiana",1977,5330000,16553
"Indiana",1978,5374000,17383
"Indiana",1979,5400000,18254
"Indiana",1980,5461103,20633
"Indiana",1981,5466000,18672
"Indiana",1982,5471000,16444
"Indiana",1983,5479000,15547
"Indiana",1984,5498000,16781
"Indiana",1985,5499000,17014
"Indiana",1986,5504000,16937
"Indiana",1987,5531000,18169
"Indiana",1988,5575000,21187
"Indiana",1989,5593000,22735
"Indiana",1990,5544159,26275
"Indiana",1991,5610000,28349
"Indiana",1992,5662000,28791
"Indiana",1993,5713000,27941
"Indiana",1994,5752000,30205
"Indiana",1995,5803000,30451
"Indiana",1996,5841000,31366
"Indiana",1997,5864000,30179
"Indiana",1998,5899000,25423
"Indiana",1999,5943000,22261
"Indiana",2000,6080485,21230
"Indiana",2001,6114745,22734
"Indiana",2002,6156913,22001
"Indiana",2003,6199571,21842
"Indiana",2004,6226537,20294
"Indiana",2005,6271973,20302
"Iowa",1960,2757537,656
"Iowa",1961,2779000,643
"Iowa",1962,2777000,559
"Iowa",1963,2780000,629
"Iowa",1964,2756000,1007
"Iowa",1965,2760000,1067
"Iowa",1966,2747000,1214
"Iowa",1967,2753000,1608
"Iowa",1968,2748000,1882
"Iowa",1969,2781000,1918
"Iowa",1970,2825041,2241
"Iowa",1971,2852000,2822
"Iowa",1972,2883000,2519
"Iowa",1973,2904000,2970
"Iowa",1974,2855000,3455
"Iowa",1975,2870000,4039
"Iowa",1976,2870000,3813
"Iowa",1977,2879000,4145
"Iowa",1978,2896000,4674
"Iowa",1979,2903000,5259
"Iowa",1980,2907804,5826
"Iowa",1981,2897000,5915
"Iowa",1982,2905000,5018
"Iowa",1983,2905000,5262
"Iowa",1984,2910000,5781
"Iowa",1985,2884000,6106
"Iowa",1986,2851000,6703
"Iowa",1987,2834000,6553
"Iowa",1988,2834000,7279
"Iowa",1989,2840000,7563
"Iowa",1990,2776755,8321
"Iowa",1991,2795000,8477
"Iowa",1992,2812000,7816
"Iowa",1993,2814000,9159
"Iowa",1994,2829000,8914
"Iowa",1995,2842000,10071
"Iowa",1996,2852000,7771
"Iowa",1997,2852000,8841
"Iowa",1998,2862000,8916
"Iowa",1999,2869000,8034
"Iowa",2000,2926324,7796
"Iowa",2001,2923179,7865
"Iowa",2002,2935840,8388
"Iowa",2003,2941976,8175
"Iowa",2004,2952904,8499
"Iowa",2005,2966334,8642
"Kansas",1960,2178611,1272
"Kansas",1961,2194000,1282
"Kansas",1962,2219000,1477
"Kansas",1963,2225000,1831
"Kansas",1964,2225000,2573
"Kansas",1965,2234000,2392
"Kansas",1966,2250000,2517
"Kansas",1967,2275000,3248
"Kansas",1968,2303000,3463
"Kansas",1969,2321000,3873
"Kansas",1970,2249071,4561
"Kansas",1971,2258000,4843
"Kansas",1972,2258000,4737
"Kansas",1973,2279000,4956
"Kansas",1974,2270000,6272
"Kansas",1975,2267000,6307
"Kansas",1976,2310000,6529
"Kansas",1977,2326000,7206
"Kansas",1978,2348000,7471
"Kansas",1979,2369000,8376
"Kansas",1980,2354783,9168
"Kansas",1981,2381000,8796
"Kansas",1982,2408000,8088
"Kansas",1983,2425000,7919
"Kansas",1984,2438000,8147
"Kansas",1985,2450000,8716
"Kansas",1986,2461000,9076
"Kansas",1987,2476000,8932
"Kansas",1988,2487000,9083
"Kansas",1989,2513000,10073
"Kansas",1990,2477574,11093
"Kansas",1991,2495000,12465
"Kansas",1992,2523000,12888
"Kansas",1993,2531000,12564
"Kansas",1994,2554000,11314
"Kansas",1995,2565000,10792
"Kansas",1996,2572000,10642
"Kansas",1997,2595000,11151
"Kansas",1998,2629000,10972
"Kansas",1999,2654000,10159
"Kansas",2000,2688418,10470
"Kansas",2001,2694641,10909
"Kansas",2002,2711769,10229
"Kansas",2003,2724786,10831
"Kansas",2004,2733697,10330
"Kansas",2005,2744687,10634
"Kentucky",1960,3038156,2957
"Kentucky",1961,3076000,2907
"Kentucky",1962,3082000,2963
"Kentucky",1963,3095000,2849
"Kentucky",1964,3159000,3486
"Kentucky",1965,3179000,3463
"Kentucky",1966,3183000,4191
"Kentucky",1967,3189000,4484
"Kentucky",1968,3229000,5317
"Kentucky",1969,3232000,5745
"Kentucky",1970,3219311,7157
"Kentucky",1971,3282000,7717
"Kentucky",1972,3299000,7446
"Kentucky",1973,3342000,7356
"Kentucky",1974,3357000,7857
"Kentucky",1975,3396000,8967
"Kentucky",1976,3428000,8987
"Kentucky",1977,3458000,8077
"Kentucky",1978,3498000,7807
"Kentucky",1979,3527000,8748
"Kentucky",1980,3641479,9711
"Kentucky",1981,3661000,10599
"Kentucky",1982,3667000,11550
"Kentucky",1983,3714000,11967
"Kentucky",1984,3723000,10342
"Kentucky",1985,3726000,11384
"Kentucky",1986,3728000,12467
"Kentucky",1987,3727000,12589
"Kentucky",1988,3721000,12284
"Kentucky",1989,3727000,13302
"Kentucky",1990,3685296,14386
"Kentucky",1991,3713000,16262
"Kentucky",1992,3755000,20107
"Kentucky",1993,3789000,17530
"Kentucky",1994,3827000,16991
"Kentucky",1995,3860000,14079
"Kentucky",1996,3884000,12448
"Kentucky",1997,3908000,12386
"Kentucky",1998,3936000,12909
"Kentucky",1999,3961000,12212
"Kentucky",2000,4041769,11903
"Kentucky",2001,4065556,10448
"Kentucky",2002,4089822,11101
"Kentucky",2003,4118189,10232
"Kentucky",2004,4141835,10152
"Kentucky",2005,4173405,11134
"Louisiana",1960,3257022,4990
"Louisiana",1961,3321000,4508
"Louisiana",1962,3330000,4570
"Louisiana",1963,3418000,5798
"Louisiana",1964,3468000,7140
"Louisiana",1965,3534000,7178
"Louisiana",1966,3603000,8689
"Louisiana",1967,3662000,10071
"Louisiana",1968,3732000,11742
"Louisiana",1969,3745000,13492
"Louisiana",1970,3643180,15063
"Louisiana",1971,3681000,15208
"Louisiana",1972,3720000,15712
"Louisiana",1973,3764000,16020
"Louisiana",1974,3764000,17794
"Louisiana",1975,3791000,18137
"Louisiana",1976,3841000,18161
"Louisiana",1977,3921000,20577
"Louisiana",1978,3966000,23197
"Louisiana",1979,4026000,27229
"Louisiana",1980,4199542,27926
"Louisiana",1981,4305000,27478
"Louisiana",1982,4362000,29185
"Louisiana",1983,4438000,28444
"Louisiana",1984,4462000,30251
"Louisiana",1985,4481000,31108
"Louisiana",1986,4501000,34128
"Louisiana",1987,4461000,30916
"Louisiana",1988,4420000,31711
"Louisiana",1989,4382000,34257
"Louisiana",1990,4219973,37914
"Louisiana",1991,4252000,40438
"Louisiana",1992,4287000,42209
"Louisiana",1993,4295000,45600
"Louisiana",1994,4315000,42369
"Louisiana",1995,4342000,43741
"Louisiana",1996,4351000,40426
"Louisiana",1997,4352000,37248
"Louisiana",1998,4369000,34057
"Louisiana",1999,4372000,32033
"Louisiana",2000,4468976,30440
"Louisiana",2001,4465430,30678
"Louisiana",2002,4476192,29690
"Louisiana",2003,4493665,28622
"Louisiana",2004,4506685,28844
"Louisiana",2005,4523628,26889
"Maine",1960,969265,289
"Maine",1961,992000,334
"Maine",1962,999000,277
"Maine",1963,982000,306
"Maine",1964,989000,506
"Maine",1965,993000,437
"Maine",1966,983000,486
"Maine",1967,973000,621
"Maine",1968,979000,633
"Maine",1969,978000,733
"Maine",1970,993663,887
"Maine",1971,1003000,903
"Maine",1972,1029000,1143
"Maine",1973,1028000,1258
"Maine",1974,1047000,1440
"Maine",1975,1059000,2324
"Maine",1976,1070000,2354
"Maine",1977,1085000,2438
"Maine",1978,1091000,2266
"Maine",1979,1097000,2221
"Maine",1980,1123670,2173
"Maine",1981,1132000,2214
"Maine",1982,1133000,1847
"Maine",1983,1146000,1829
"Maine",1984,1156000,1832
"Maine",1985,1164000,1950
"Maine",1986,1174000,1726
"Maine",1987,1187000,1806
"Maine",1988,1206000,1898
"Maine",1989,1222000,1676
"Maine",1990,1227928,1759
"Maine",1991,1235000,1631
"Maine",1992,1235000,1616
"Maine",1993,1239000,1558
"Maine",1994,1240000,1611
"Maine",1995,1241000,1631
"Maine",1996,1243000,1553
"Maine",1997,1242000,1500
"Maine",1998,1244000,1566
"Maine",1999,1253000,1404
"Maine",2000,1274923,1397
"Maine",2001,1286670,1434
"Maine",2002,1294894,1396
"Maine",2003,1309205,1422
"Maine",2004,1314985,1364
"Maine",2005,1321505,1483
"Maryland",1960,3100689,4691
"Maryland",1961,3188000,4959
"Maryland",1962,3191000,4915
"Maryland",1963,3289000,5283
"Maryland",1964,3432000,7446
"Maryland",1965,3519000,10032
"Maryland",1966,3613000,11236
"Maryland",1967,3682000,17458
"Maryland",1968,3757000,23405
"Maryland",1969,3765000,24295
"Maryland",1970,3922399,24512
"Maryland",1971,4000000,24857
"Maryland",1972,4056000,26412
"Maryland",1973,4070000,26093
"Maryland",1974,4094000,29439
"Maryland",1975,4098000,29087
"Maryland",1976,4144000,26249
"Maryland",1977,4139000,28716
"Maryland",1978,4143000,30328
"Maryland",1979,4149000,33007
"Maryland",1980,4192211,35735
"Maryland",1981,4261000,37800
"Maryland",1982,4265000,36254
"Maryland",1983,4304000,34736
"Maryland",1984,4349000,34455
"Maryland",1985,4392000,36655
"Maryland",1986,4463000,37177
"Maryland",1987,4535000,34820
"Maryland",1988,4644000,37466
"Maryland",1989,4694000,40152
"Maryland",1990,4781468,43940
"Maryland",1991,4860000,46469
"Maryland",1992,4908000,49085
"Maryland",1993,4965000,49540
"Maryland",1994,5006000,47457
"Maryland",1995,5042000,49757
"Maryland",1996,5072000,47230
"Maryland",1997,5094000,43127
"Maryland",1998,5135000,40903
"Maryland",1999,5172000,38447
"Maryland",2000,5296486,41663
"Maryland",2001,5375156,42088
"Maryland",2002,5450525,42015
"Maryland",2003,5512310,38778
"Maryland",2004,5561332,38961
"Maryland",2005,5600388,39369
"Massachusetts",1960,5148578,2512
"Massachusetts",1961,5234000,2777
"Massachusetts",1962,5161000,3207
"Massachusetts",1963,5218000,3454
"Massachusetts",1964,5338000,4559
"Massachusetts",1965,5348000,5270
"Massachusetts",1966,5383000,6201
"Massachusetts",1967,5421000,6919
"Massachusetts",1968,5437000,8916
"Massachusetts",1969,5467000,10272
"Massachusetts",1970,5689170,11542
"Massachusetts",1971,5758000,15317
"Massachusetts",1972,5787000,17086
"Massachusetts",1973,5818000,20475
"Massachusetts",1974,5800000,22545
"Massachusetts",1975,5828000,25793
"Massachusetts",1976,5809000,23190
"Massachusetts",1977,5782000,24593
"Massachusetts",1978,5774000,26673
"Massachusetts",1979,5769000,30650
"Massachusetts",1980,5728288,34444
"Massachusetts",1981,5770000,36273
"Massachusetts",1982,5781000,33031
"Massachusetts",1983,5767000,33264
"Massachusetts",1984,5798000,30362
"Massachusetts",1985,5822000,31334
"Massachusetts",1986,5832000,32476
"Massachusetts",1987,5855000,33060
"Massachusetts",1988,5871000,36376
"Massachusetts",1989,5913000,39912
"Massachusetts",1990,6016425,44300
"Massachusetts",1991,5996000,44138
"Massachusetts",1992,5998000,46727
"Massachusetts",1993,6012000,48393
"Massachusetts",1994,6041000,42749
"Massachusetts",1995,6074000,41739
"Massachusetts",1996,6092000,39122
"Massachusetts",1997,6118000,39411
"Massachusetts",1998,6147000,38192
"Massachusetts",1999,6175000,34023
"Massachusetts",2000,6349097,30230
"Massachusetts",2001,6379304,30587
"Massachusetts",2002,6421800,31137
"Massachusetts",2003,6420357,30377
"Massachusetts",2004,6407382,29489
"Massachusetts",2005,6398743,29237
"Michigan",1960,7823194,17034
"Michigan",1961,7954000,16499
"Michigan",1962,7991000,18106
"Michigan",1963,8116000,18478
"Michigan",1964,8098000,21153
"Michigan",1965,8218000,24459
"Michigan",1966,8374000,27806
"Michigan",1967,8584000,33390
"Michigan",1968,8740000,37292
"Michigan",1969,8766000,44048
"Michigan",1970,8875083,51090
"Michigan",1971,8997000,51697
"Michigan",1972,9082000,50425
"Michigan",1973,9044000,52921
"Michigan",1974,9098000,59993
"Michigan",1975,9157000,62792
"Michigan",1976,9104000,58814
"Michigan",1977,9129000,53381
"Michigan",1978,9189000,53040
"Michigan",1979,9208000,56558
"Michigan",1980,9228128,59014
"Michigan",1981,9201000,59058
"Michigan",1982,9109000,59806
"Michigan",1983,9069000,64993
"Michigan",1984,9075000,68979
"Michigan",1985,9088000,66714
"Michigan",1986,9145000,73517
"Michigan",1987,9200000,71772
"Michigan",1988,9300000,68980
"Michigan",1989,9273000,65760
"Michigan",1990,9295297,73468
"Michigan",1991,9368000,75232
"Michigan",1992,9437000,72672
"Michigan",1993,9478000,75021
"Michigan",1994,9496000,72751
"Michigan",1995,9549000,65680
"Michigan",1996,9594000,60951
"Michigan",1997,9774000,57663
"Michigan",1998,9817000,60947
"Michigan",1999,9864000,56709
"Michigan",2000,9938444,55159
"Michigan",2001,9990817,55424
"Michigan",2002,10043221,54306
"Michigan",2003,10082364,51550
"Michigan",2004,10104206,49737
"Michigan",2005,10120860,55877
"Minnesota",1960,3413864,1435
"Minnesota",1961,3470000,1505
"Minnesota",1962,3475000,1674
"Minnesota",1963,3500000,1983
"Minnesota",1964,3521000,2601
"Minnesota",1965,3554000,3074
"Minnesota",1966,3576000,3691
"Minnesota",1967,3582000,4727
"Minnesota",1968,3646000,5111
"Minnesota",1969,3700000,5253
"Minnesota",1970,3805069,5782
"Minnesota",1971,3881000,5993
"Minnesota",1972,3896000,6798
"Minnesota",1973,3897000,6926
"Minnesota",1974,3917000,8119
"Minnesota",1975,3926000,8125
"Minnesota",1976,3965000,7492
"Minnesota",1977,3975000,7705
"Minnesota",1978,4008000,7601
"Minnesota",1979,4060000,8973
"Minnesota",1980,4061235,9250
"Minnesota",1981,4090000,9344
"Minnesota",1982,4133000,9062
"Minnesota",1983,4144000,7909
"Minnesota",1984,4162000,8802
"Minnesota",1985,4193000,10751
"Minnesota",1986,4214000,11991
"Minnesota",1987,4246000,12118
"Minnesota",1988,4306000,12490
"Minnesota",1989,4353000,12549
"Minnesota",1990,4375099,13392
"Minnesota",1991,4432000,14006
"Minnesota",1992,4480000,15144
"Minnesota",1993,4517000,15986
"Minnesota",1994,4567000,16397
"Minnesota",1995,4610000,16416
"Minnesota",1996,4658000,15782
"Minnesota",1997,4686000,15827
"Minnesota",1998,4725000,14656
"Minnesota",1999,4776000,13085
"Minnesota",2000,4919479,13813
"Minnesota",2001,4972294,13145
"Minnesota",2002,5024791,13428
"Minnesota",2003,5064172,13316
"Minnesota",2004,5096546,13751
"Minnesota",2005,5132799,15243
"Mississippi",1960,2178141,2236
"Mississippi",1961,2215000,2274
"Mississippi",1962,2248000,2079
"Mississippi",1963,2290000,1779
"Mississippi",1964,2314000,4118
"Mississippi",1965,2321000,3949
"Mississippi",1966,2327000,3504
"Mississippi",1967,2348000,2672
"Mississippi",1968,2342000,3397
"Mississippi",1969,2363000,3354
"Mississippi",1970,2216912,3974
"Mississippi",1971,2226000,6151
"Mississippi",1972,2263000,7076
"Mississippi",1973,2281000,7734
"Mississippi",1974,2324000,7782
"Mississippi",1975,2346000,7411
"Mississippi",1976,2354000,6954
"Mississippi",1977,2389000,6896
"Mississippi",1978,2404000,7721
"Mississippi",1979,2406000,7786
"Mississippi",1980,2511491,8588
"Mississippi",1981,2530000,7706
"Mississippi",1982,2551000,7515
"Mississippi",1983,2587000,7255
"Mississippi",1984,2598000,7326
"Mississippi",1985,2613000,7079
"Mississippi",1986,2625000,7196
"Mississippi",1987,2625000,7081
"Mississippi",1988,2627000,8544
"Mississippi",1989,2621000,8156
"Mississippi",1990,2573216,8758
"Mississippi",1991,2592000,10085
"Mississippi",1992,2614000,10763
"Mississippi",1993,2643000,11467
"Mississippi",1994,2669000,13177
"Mississippi",1995,2697000,13560
"Mississippi",1996,2716000,13261
"Mississippi",1997,2731000,12808
"Mississippi",1998,2752000,11302
"Mississippi",1999,2769000,9671
"Mississippi",2000,2844658,10267
"Mississippi",2001,2858029,10006
"Mississippi",2002,2866733,9858
"Mississippi",2003,2882594,9336
"Mississippi",2004,2900768,8568
"Mississippi",2005,2921088,8131
"Missouri",1960,4319813,7468
"Missouri",1961,4378000,7266
"Missouri",1962,4346000,8059
"Missouri",1963,4328000,8629
"Missouri",1964,4409000,9553
"Missouri",1965,4497000,10588
"Missouri",1966,4508000,11149
"Missouri",1967,4603000,12746
"Missouri",1968,4627000,15216
"Missouri",1969,4651000,18260
"Missouri",1970,4677399,18986
"Missouri",1971,4749000,18357
"Missouri",1972,4753000,18223
"Missouri",1973,4757000,19441
"Missouri",1974,4777000,21612
"Missouri",1975,4763000,23521
"Missouri",1976,4778000,21470
"Missouri",1977,4801000,22105
"Missouri",1978,4860000,22738
"Missouri",1979,4868000,25662
"Missouri",1980,4901288,27177
"Missouri",1981,4938000,26675
"Missouri",1982,4951000,25078
"Missouri",1983,4970000,23718
"Missouri",1984,5008000,23071
"Missouri",1985,5029000,25321
"Missouri",1986,5066000,29310
"Missouri",1987,5103000,27792
"Missouri",1988,5139000,28393
"Missouri",1989,5159000,32634
"Missouri",1990,5117073,36602
"Missouri",1991,5158000,39358
"Missouri",1992,5193000,38448
"Missouri",1993,5234000,38963
"Missouri",1994,5278000,39240
"Missouri",1995,5324000,35339
"Missouri",1996,5359000,31669
"Missouri",1997,5402000,31192
"Missouri",1998,5439000,30222
"Missouri",1999,5468000,27353
"Missouri",2000,5595211,27419
"Missouri",2001,5629707,30472
"Missouri",2002,5669544,30557
"Missouri",2003,5719204,28067
"Missouri",2004,5759532,28226
"Missouri",2005,5800310,30477
"Montana",1960,674767,453
"Montana",1961,682000,457
"Montana",1962,709000,390
"Montana",1963,707000,414
"Montana",1964,705000,564
"Montana",1965,706000,514
"Montana",1966,702000,507
"Montana",1967,701000,588
"Montana",1968,693000,610
"Montana",1969,694000,682
"Montana",1970,694409,774
"Montana",1971,708000,971
"Montana",1972,719000,1079
"Montana",1973,721000,1207
"Montana",1974,735000,1194
"Montana",1975,748000,1418
"Montana",1976,753000,1358
"Montana",1977,761000,1659
"Montana",1978,785000,1865
"Montana",1979,786000,1762
"Montana",1980,781592,1740
"Montana",1981,792000,2004
"Montana",1982,801000,1801
"Montana",1983,817000,1737
"Montana",1984,824000,1958
"Montana",1985,826000,1722
"Montana",1986,819000,1289
"Montana",1987,809000,1223
"Montana",1988,804000,989
"Montana",1989,806000,935
"Montana",1990,799065,1273
"Montana",1991,808000,1130
"Montana",1992,824000,1400
"Montana",1993,839000,1489
"Montana",1994,856000,1516
"Montana",1995,870000,1491
"Montana",1996,879000,1415
"Montana",1997,879000,1161
"Montana",1998,880000,1797
"Montana",1999,883000,2090
"Montana",2000,902195,2807
"Montana",2001,904433,3187
"Montana",2002,910372,3197
"Montana",2003,918157,3351
"Montana",2004,926920,2723
"Montana",2005,935670,2634
"Nebraska",1960,1411330,590
"Nebraska",1961,1431000,586
"Nebraska",1962,1484000,637
"Nebraska",1963,1460000,591
"Nebraska",1964,1480000,776
"Nebraska",1965,1477000,852
"Nebraska",1966,1456000,941
"Nebraska",1967,1435000,1624
"Nebraska",1968,1437000,2103
"Nebraska",1969,1449000,2302
"Nebraska",1970,1483791,2731
"Nebraska",1971,1512000,2355
"Nebraska",1972,1525000,2638
"Nebraska",1973,1542000,2859
"Nebraska",1974,1543000,3697
"Nebraska",1975,1546000,3986
"Nebraska",1976,1553000,3269
"Nebraska",1977,1561000,3113
"Nebraska",1978,1565000,2982
"Nebraska",1979,1574000,3556
"Nebraska",1980,1563921,3512
"Nebraska",1981,1576000,2861
"Nebraska",1982,1586000,3641
"Nebraska",1983,1597000,3477
"Nebraska",1984,1606000,3627
"Nebraska",1985,1606000,3821
"Nebraska",1986,1598000,4196
"Nebraska",1987,1594000,4004
"Nebraska",1988,1601000,4374
"Nebraska",1989,1611000,4503
"Nebraska",1990,1578385,5209
"Nebraska",1991,1593000,5330
"Nebraska",1992,1606000,5598
"Nebraska",1993,1607000,6071
"Nebraska",1994,1623000,6322
"Nebraska",1995,1637000,6253
"Nebraska",1996,1652000,7182
"Nebraska",1997,1657000,7265
"Nebraska",1998,1663000,7507
"Nebraska",1999,1666000,7167
"Nebraska",2000,1711263,5606
"Nebraska",2001,1713235,5214
"Nebraska",2002,1727564,5428
"Nebraska",2003,1737475,5105
"Nebraska",2004,1747704,5393
"Nebraska",2005,1758787,5048
"Nevada",1960,285278,416
"Nevada",1961,299000,549
"Nevada",1962,335000,711
"Nevada",1963,368000,755
"Nevada",1964,408000,983
"Nevada",1965,440000,953
"Nevada",1966,454000,987
"Nevada",1967,444000,1100
"Nevada",1968,453000,1261
"Nevada",1969,457000,1642
"Nevada",1970,488738,1948
"Nevada",1971,507000,1887
"Nevada",1972,527000,2264
"Nevada",1973,548000,3135
"Nevada",1974,573000,3910
"Nevada",1975,592000,4018
"Nevada",1976,610000,4215
"Nevada",1977,633000,4703
"Nevada",1978,660000,5153
"Nevada",1979,702000,5866
"Nevada",1980,800312,7304
"Nevada",1981,845000,7575
"Nevada",1982,881000,7096
"Nevada",1983,891000,5838
"Nevada",1984,911000,5726
"Nevada",1985,936000,6244
"Nevada",1986,963000,6923
"Nevada",1987,1007000,7006
"Nevada",1988,1060000,8275
"Nevada",1989,1111000,6947
"Nevada",1990,1201833,7222
"Nevada",1991,1284000,8693
"Nevada",1992,1327000,9247
"Nevada",1993,1389000,12157
"Nevada",1994,1457000,14597
"Nevada",1995,1530000,14461
"Nevada",1996,1603000,13005
"Nevada",1997,1677000,13395
"Nevada",1998,1747000,11244
"Nevada",1999,1809000,10311
"Nevada",2000,1998257,10474
"Nevada",2001,2106074,12359
"Nevada",2002,2167455,13856
"Nevada",2003,2242207,13813
"Nevada",2004,2332898,14379
"Nevada",2005,2414807,14654
"New_Hampshire",1960,606921,81
"New_Hampshire",1961,621000,89
"New_Hampshire",1962,632000,178
"New_Hampshire",1963,627000,164
"New_Hampshire",1964,654000,149
"New_Hampshire",1965,669000,156
"New_Hampshire",1966,681000,259
"New_Hampshire",1967,686000,218
"New_Hampshire",1968,702000,279
"New_Hampshire",1969,717000,325
"New_Hampshire",1970,737681,413
"New_Hampshire",1971,762000,580
"New_Hampshire",1972,771000,491
"New_Hampshire",1973,791000,649
"New_Hampshire",1974,808000,739
"New_Hampshire",1975,818000,816
"New_Hampshire",1976,822000,709
"New_Hampshire",1977,849000,960
"New_Hampshire",1978,871000,1035
"New_Hampshire",1979,887000,1241
"New_Hampshire",1980,919114,1653
"New_Hampshire",1981,935000,1375
"New_Hampshire",1982,951000,1187
"New_Hampshire",1983,959000,1200
"New_Hampshire",1984,977000,1308
"New_Hampshire",1985,998000,1405
"New_Hampshire",1986,1027000,1433
"New_Hampshire",1987,1057000,1581
"New_Hampshire",1988,1097000,1622
"New_Hampshire",1989,1107000,1865
"New_Hampshire",1990,1109252,1459
"New_Hampshire",1991,1105000,1318
"New_Hampshire",1992,1111000,1397
"New_Hampshire",1993,1125000,1550
"New_Hampshire",1994,1137000,1328
"New_Hampshire",1995,1148000,1314
"New_Hampshire",1996,1162000,1373
"New_Hampshire",1997,1173000,1328
"New_Hampshire",1998,1185000,1270
"New_Hampshire",1999,1201000,1159
"New_Hampshire",2000,1235786,2167
"New_Hampshire",2001,1259181,2144
"New_Hampshire",2002,1274405,2056
"New_Hampshire",2003,1288705,1937
"New_Hampshire",2004,1299169,2202
"New_Hampshire",2005,1309940,1729
"New_Jersey",1960,6066782,6932
"New_Jersey",1961,6244000,6682
"New_Jersey",1962,6245000,7874
"New_Jersey",1963,6470000,8849
"New_Jersey",1964,6682000,10456
"New_Jersey",1965,6774000,10422
"New_Jersey",1966,6898000,11168
"New_Jersey",1967,7003000,13204
"New_Jersey",1968,7078000,16711
"New_Jersey",1969,7148000,17226
"New_Jersey",1970,7168164,20583
"New_Jersey",1971,7300000,26441
"New_Jersey",1972,7367000,27577
"New_Jersey",1973,7361000,28845
"New_Jersey",1974,7330000,29568
"New_Jersey",1975,7316000,30215
"New_Jersey",1976,7336000,29107
"New_Jersey",1977,7329000,28732
"New_Jersey",1978,7327000,31027
"New_Jersey",1979,7332000,36747
"New_Jersey",1980,7342164,44373
"New_Jersey",1981,7401000,46674
"New_Jersey",1982,7438000,45175
"New_Jersey",1983,7468000,41304
"New_Jersey",1984,7515000,39659
"New_Jersey",1985,7562000,41172
"New_Jersey",1986,7620000,43623
"New_Jersey",1987,7672000,41507
"New_Jersey",1988,7720000,44993
"New_Jersey",1989,7736000,47111
"New_Jersey",1990,7730188,50057
"New_Jersey",1991,7760000,49257
"New_Jersey",1992,7789000,48745
"New_Jersey",1993,7879000,49390
"New_Jersey",1994,7904000,48544
"New_Jersey",1995,7945000,47652
"New_Jersey",1996,7988000,42459
"New_Jersey",1997,8053000,39673
"New_Jersey",1998,8115000,35720
"New_Jersey",1999,8143000,33540
"New_Jersey",2000,8414350,32298
"New_Jersey",2001,8484431,33094
"New_Jersey",2002,8575252,32252
"New_Jersey",2003,8642412,31488
"New_Jersey",2004,8685166,30943
"New_Jersey",2005,8717925,30919
"New_Mexico",1960,951023,1360
"New_Mexico",1961,983000,1278
"New_Mexico",1962,1020000,1338
"New_Mexico",1963,1018000,1376
"New_Mexico",1964,1008000,1613
"New_Mexico",1965,1029000,2047
"New_Mexico",1966,1022000,2221
"New_Mexico",1967,1003000,2325
"New_Mexico",1968,1015000,2543
"New_Mexico",1969,994000,2881
"New_Mexico",1970,1016000,3093
"New_Mexico",1971,1030000,3994
"New_Mexico",1972,1065000,4598
"New_Mexico",1973,1106000,5219
"New_Mexico",1974,1122000,5053
"New_Mexico",1975,1147000,6134
"New_Mexico",1976,1168000,6475
"New_Mexico",1977,1190000,5961
"New_Mexico",1978,1212000,6402
"New_Mexico",1979,1241000,7272
"New_Mexico",1980,1295474,7967
"New_Mexico",1981,1327000,8913
"New_Mexico",1982,1359000,9982
"New_Mexico",1983,1399000,9608
"New_Mexico",1984,1424000,9798
"New_Mexico",1985,1450000,10207
"New_Mexico",1986,1479000,10731
"New_Mexico",1987,1500000,9427
"New_Mexico",1988,1510000,9938
"New_Mexico",1989,1528000,10755
"New_Mexico",1990,1515069,11821
"New_Mexico",1991,1548000,12922
"New_Mexico",1992,1581000,14781
"New_Mexico",1993,1616000,15024
"New_Mexico",1994,1654000,14708
"New_Mexico",1995,1685000,13804
"New_Mexico",1996,1713000,14399
"New_Mexico",1997,1730000,14762
"New_Mexico",1998,1737000,16700
"New_Mexico",1999,1740000,14520
"New_Mexico",2000,1819046,13786
"New_Mexico",2001,1829146,14288
"New_Mexico",2002,1852044,13719
"New_Mexico",2003,1878562,12535
"New_Mexico",2004,1903006,13081
"New_Mexico",2005,1928384,13541
"New_York",1965,18073000,58802
"New_York",1966,18258000,62561
"New_York",1967,18336000,75124
"New_York",1968,18113000,98515
"New_York",1969,18321000,105870
"New_York",1970,18190740,124613
"New_York",1971,18391000,145048
"New_York",1972,18366000,138542
"New_York",1973,18265000,135468
"New_York",1974,18111000,145427
"New_York",1975,18120000,155187
"New_York",1976,18084000,156988
"New_York",1977,17924000,149087
"New_York",1978,17748000,149257
"New_York",1979,17649000,161906
"New_York",1980,17506690,180235
"New_York",1981,17594000,188178
"New_York",1982,17659000,174833
"New_York",1983,17667000,161489
"New_York",1984,17735000,162157
"New_York",1985,17783000,165365
"New_York",1986,17772000,175210
"New_York",1987,17825000,179691
"New_York",1988,17898000,196396
"New_York",1989,17950000,203042
"New_York",1990,17990455,212458
"New_York",1991,18058000,210184
"New_York",1992,18119000,203311
"New_York",1993,18197000,195352
"New_York",1994,18169000,175433
"New_York",1995,18136000,152683
"New_York",1996,18185000,132206
"New_York",1997,18137000,124890
"New_York",1998,18175000,115915
"New_York",1999,18197000,107147
"New_York",2000,18976457,105111
"New_York",2001,19011378,98103
"New_York",2002,19134293,95030
"New_York",2003,19212425,89486
"New_York",2004,19280727,84914
"New_York",2005,19254630,85839
"North_Carolina",1960,4556155,10182
"North_Carolina",1961,4614000,9275
"North_Carolina",1962,4731000,9533
"North_Carolina",1963,4760000,10038
"North_Carolina",1964,4852000,12345
"North_Carolina",1965,4914000,12755
"North_Carolina",1966,5000000,14775
"North_Carolina",1967,5029000,15995
"North_Carolina",1968,5135000,18025
"North_Carolina",1969,5205000,18117
"North_Carolina",1970,5082059,18814
"North_Carolina",1971,5146000,19952
"North_Carolina",1972,5214000,22087
"North_Carolina",1973,5273000,23086
"North_Carolina",1974,5363000,26220
"North_Carolina",1975,5451000,23791
"North_Carolina",1976,5469000,22061
"North_Carolina",1977,5525000,22492
"North_Carolina",1978,5577000,23054
"North_Carolina",1979,5606000,25009
"North_Carolina",1980,5843665,26589
"North_Carolina",1981,5951000,25986
"North_Carolina",1982,6019000,26865
"North_Carolina",1983,6082000,24911
"North_Carolina",1984,6165000,24885
"North_Carolina",1985,6255000,26327
"North_Carolina",1986,6331000,30128
"North_Carolina",1987,6413000,31039
"North_Carolina",1988,6526000,32753
"North_Carolina",1989,6571000,35902
"North_Carolina",1990,6628637,41332
"North_Carolina",1991,6737000,44355
"North_Carolina",1992,6843000,46600
"North_Carolina",1993,6945000,47178
"North_Carolina",1994,7070000,46308
"North_Carolina",1995,7195000,46508
"North_Carolina",1996,7323000,43068
"North_Carolina",1997,7425000,45071
"North_Carolina",1998,7546000,43723
"North_Carolina",1999,7651000,41474
"North_Carolina",2000,8049313,40051
"North_Carolina",2001,8186268,40465
"North_Carolina",2002,8305820,39118
"North_Carolina",2003,8421190,38243
"North_Carolina",2004,8540468,38244
"North_Carolina",2005,8683242,40650
"North_Dakota",1960,632446,90
"North_Dakota",1961,640000,160
"North_Dakota",1962,642000,128
"North_Dakota",1963,634000,182
"North_Dakota",1964,645000,229
"North_Dakota",1965,652000,223
"North_Dakota",1966,650000,231
"North_Dakota",1967,639000,185
"North_Dakota",1968,625000,173
"North_Dakota",1969,615000,220
"North_Dakota",1970,617761,211
"North_Dakota",1971,625000,238
"North_Dakota",1972,632000,290
"North_Dakota",1973,640000,389
"North_Dakota",1974,637000,319
"North_Dakota",1975,635000,337
"North_Dakota",1976,643000,462
"North_Dakota",1977,653000,438
"North_Dakota",1978,652000,437
"North_Dakota",1979,657000,403
"North_Dakota",1980,652437,352
"North_Dakota",1981,658000,444
"North_Dakota",1982,670000,414
"North_Dakota",1983,680000,365
"North_Dakota",1984,686000,368
"North_Dakota",1985,685000,322
"North_Dakota",1986,679000,348
"North_Dakota",1987,672000,382
"North_Dakota",1988,663000,392
"North_Dakota",1989,660000,417
"North_Dakota",1990,638800,472
"North_Dakota",1991,635000,415
"North_Dakota",1992,636000,530
"North_Dakota",1993,635000,522
"North_Dakota",1994,638000,522
"North_Dakota",1995,641000,556
"North_Dakota",1996,644000,541
"North_Dakota",1997,641000,559
"North_Dakota",1998,638000,570
"North_Dakota",1999,634000,424
"North_Dakota",2000,642200,523
"North_Dakota",2001,634448,505
"North_Dakota",2002,633911,496
"North_Dakota",2003,633400,508
"North_Dakota",2004,636308,558
"North_Dakota",2005,636677,625
"Ohio",1960,9706397,8120
"Ohio",1961,9876000,7986
"Ohio",1962,10097000,8366
"Ohio",1963,10173000,9086
"Ohio",1964,10100000,11582
"Ohio",1965,10245000,12788
"Ohio",1966,10305000,15626
"Ohio",1967,10458000,19344
"Ohio",1968,10591000,21228
"Ohio",1969,10740000,26648
"Ohio",1970,10652017,30279
"Ohio",1971,10778000,32159
"Ohio",1972,10783000,32286
"Ohio",1973,10731000,31304
"Ohio",1974,10737000,39094
"Ohio",1975,10759000,43901
"Ohio",1976,10690000,41553
"Ohio",1977,10701000,43521
"Ohio",1978,10749000,44357
"Ohio",1979,10731000,49092
"Ohio",1980,10766808,53646
"Ohio",1981,10776000,53509
"Ohio",1982,10791000,47126
"Ohio",1983,10746000,42759
"Ohio",1984,10752000,41430
"Ohio",1985,10744000,41000
"Ohio",1986,10752000,45260
"Ohio",1987,10784000,45436
"Ohio",1988,10872000,49144
"Ohio",1989,10907000,51109
"Ohio",1990,10847115,54904
"Ohio",1991,10939000,61460
"Ohio",1992,11016000,57935
"Ohio",1993,11091000,55915
"Ohio",1994,11102000,53930
"Ohio",1995,11151000,53799
"Ohio",1996,11173000,47896
"Ohio",1997,11186000,48706
"Ohio",1998,11209000,40628
"Ohio",1999,11257000,35616
"Ohio",2000,11353140,37935
"Ohio",2001,11373541,40023
"Ohio",2002,11408699,40128
"Ohio",2003,11437680,38185
"Ohio",2004,11450143,38787
"Ohio",2005,11464042,40273
"Oklahoma",1960,2328284,2258
"Oklahoma",1961,2360000,2437
"Oklahoma",1962,2448000,2478
"Oklahoma",1963,2487000,2808
"Oklahoma",1964,2465000,3609
"Oklahoma",1965,2482000,3339
"Oklahoma",1966,2458000,3552
"Oklahoma",1967,2495000,3703
"Oklahoma",1968,2518000,4473
"Oklahoma",1969,2568000,4775
"Oklahoma",1970,2559253,5194
"Oklahoma",1971,2610000,6719
"Oklahoma",1972,2634000,6289
"Oklahoma",1973,2663000,6556
"Oklahoma",1974,2709000,7588
"Oklahoma",1975,2712000,8225
"Oklahoma",1976,2766000,7926
"Oklahoma",1977,2811000,8899
"Oklahoma",1978,2880000,10165
"Oklahoma",1979,2892000,11719
"Oklahoma",1980,3001252,12589
"Oklahoma",1981,3098000,13223
"Oklahoma",1982,3177000,14103
"Oklahoma",1983,3298000,13964
"Oklahoma",1984,3298000,13438
"Oklahoma",1985,3301000,13930
"Oklahoma",1986,3305000,14423
"Oklahoma",1987,3272000,13664
"Oklahoma",1988,3263000,14179
"Oklahoma",1989,3224000,15847
"Oklahoma",1990,3145585,17222
"Oklahoma",1991,3175000,18533
"Oklahoma",1992,3212000,20005
"Oklahoma",1993,3231000,20512
"Oklahoma",1994,3258000,21225
"Oklahoma",1995,3278000,21770
"Oklahoma",1996,3301000,19710
"Oklahoma",1997,3317000,18560
"Oklahoma",1998,3347000,18053
"Oklahoma",1999,3358000,17066
"Oklahoma",2000,3450654,17177
"Oklahoma",2001,3460097,17726
"Oklahoma",2002,3489700,17587
"Oklahoma",2003,3506469,17758
"Oklahoma",2004,3523546,17635
"Oklahoma",2005,3547884,18044
"Oregon",1960,1768687,1232
"Oregon",1961,1799000,1242
"Oregon",1962,1864000,1461
"Oregon",1963,1826000,1393
"Oregon",1964,1871000,2009
"Oregon",1965,1899000,2290
"Oregon",1966,1955000,2470
"Oregon",1967,1999000,3147
"Oregon",1968,2008000,3955
"Oregon",1969,2032000,4527
"Oregon",1970,2091385,5373
"Oregon",1971,2158000,6335
"Oregon",1972,2182000,6494
"Oregon",1973,2225000,6512
"Oregon",1974,2266000,8326
"Oregon",1975,2288000,10034
"Oregon",1976,2329000,10654
"Oregon",1977,2376000,10830
"Oregon",1978,2444000,12278
"Oregon",1979,2527000,13781
"Oregon",1980,2610477,12802
"Oregon",1981,2647000,12671
"Oregon",1982,2649000,12529
"Oregon",1983,2662000,12986
"Oregon",1984,2674000,13533
"Oregon",1985,2687000,14807
"Oregon",1986,2698000,14830
"Oregon",1987,2724000,14697
"Oregon",1988,2741000,14959
"Oregon",1989,2820000,14625
"Oregon",1990,2842321,14405
"Oregon",1991,2922000,14795
"Oregon",1992,2977000,15189
"Oregon",1993,3032000,15254
"Oregon",1994,3086000,16067
"Oregon",1995,3141000,16408
"Oregon",1996,3204000,14837
"Oregon",1997,3243000,14412
"Oregon",1998,3282000,13778
"Oregon",1999,3316000,12432
"Oregon",2000,3421399,12000
"Oregon",2001,3472867,10650
"Oregon",2002,3520355,10298
"Oregon",2003,3564330,10506
"Oregon",2004,3591363,10724
"Oregon",2005,3641056,10444
"Pennsylvania",1960,11319366,11203
"Pennsylvania",1961,11468000,11223
"Pennsylvania",1962,11376000,11856
"Pennsylvania",1963,11424000,12678
"Pennsylvania",1964,11459000,14162
"Pennsylvania",1965,11520000,16384
"Pennsylvania",1966,11582000,15169
"Pennsylvania",1967,11629000,16119
"Pennsylvania",1968,11712000,20710
"Pennsylvania",1969,11803000,22887
"Pennsylvania",1970,11793909,25970
"Pennsylvania",1971,11879000,31917
"Pennsylvania",1972,11926000,33052
"Pennsylvania",1973,11902000,32397
"Pennsylvania",1974,11835000,37281
"Pennsylvania",1975,11827000,38933
"Pennsylvania",1976,11862000,34985
"Pennsylvania",1977,11785000,33328
"Pennsylvania",1978,11750000,35381
"Pennsylvania",1979,11731000,39133
"Pennsylvania",1980,11824220,43032
"Pennsylvania",1981,11864000,44104
"Pennsylvania",1982,11865000,42767
"Pennsylvania",1983,11895000,40782
"Pennsylvania",1984,11901000,38154
"Pennsylvania",1985,11853000,39240
"Pennsylvania",1986,11889000,42629
"Pennsylvania",1987,11936000,44087
"Pennsylvania",1988,12027000,43534
"Pennsylvania",1989,12040000,45586
"Pennsylvania",1990,11881643,51213
"Pennsylvania",1991,11961000,53824
"Pennsylvania",1992,12009000,51276
"Pennsylvania",1993,12048000,50295
"Pennsylvania",1994,12052000,51425
"Pennsylvania",1995,12072000,51586
"Pennsylvania",1996,12056000,57905
"Pennsylvania",1997,12020000,53140
"Pennsylvania",1998,12001000,50470
"Pennsylvania",1999,11994000,50431
"Pennsylvania",2000,12281054,51584
"Pennsylvania",2001,12287150,50432
"Pennsylvania",2002,12328827,49578
"Pennsylvania",2003,12370761,49210
"Pennsylvania",2004,12394471,50998
"Pennsylvania",2005,12429616,52761
"Rhode_Island",1960,859488,316
"Rhode_Island",1961,867000,372
"Rhode_Island",1962,865000,402
"Rhode_Island",1963,885000,500
"Rhode_Island",1964,914000,578
"Rhode_Island",1965,920000,722
"Rhode_Island",1966,898000,849
"Rhode_Island",1967,900000,1156
"Rhode_Island",1968,913000,1254
"Rhode_Island",1969,911000,1594
"Rhode_Island",1970,949723,1944
"Rhode_Island",1971,960000,2129
"Rhode_Island",1972,968000,2424
"Rhode_Island",1973,973000,2749
"Rhode_Island",1974,937000,2651
"Rhode_Island",1975,927000,2802
"Rhode_Island",1976,927000,2779
"Rhode_Island",1977,935000,2820
"Rhode_Island",1978,935000,3255
"Rhode_Island",1979,929000,3485
"Rhode_Island",1980,945835,3864
"Rhode_Island",1981,952000,4205
"Rhode_Island",1982,958000,3849
"Rhode_Island",1983,955000,3392
"Rhode_Island",1984,962000,3220
"Rhode_Island",1985,968000,3355
"Rhode_Island",1986,975000,3271
"Rhode_Island",1987,986000,3547
"Rhode_Island",1988,995000,3947
"Rhode_Island",1989,998000,3772
"Rhode_Island",1990,1003464,4334
"Rhode_Island",1991,1004000,4638
"Rhode_Island",1992,1005000,3965
"Rhode_Island",1993,1000000,4017
"Rhode_Island",1994,997000,3744
"Rhode_Island",1995,990000,3643
"Rhode_Island",1996,990000,3437
"Rhode_Island",1997,987000,3292
"Rhode_Island",1998,988000,3084
"Rhode_Island",1999,991000,2840
"Rhode_Island",2000,1048319,3121
"Rhode_Island",2001,1058920,3278
"Rhode_Island",2002,1068326,3051
"Rhode_Island",2003,1076084,3074
"Rhode_Island",2004,1079916,2673
"Rhode_Island",2005,1076189,2703
"South_Carolina",1960,2382594,3424
"South_Carolina",1961,2407000,3318
"South_Carolina",1962,2436000,3012
"South_Carolina",1963,2483000,4075
"South_Carolina",1964,2555000,4240
"South_Carolina",1965,2542000,4504
"South_Carolina",1966,2586000,5844
"South_Carolina",1967,2599000,6015
"South_Carolina",1968,2692000,5853
"South_Carolina",1969,2692000,6449
"South_Carolina",1970,2590516,7412
"South_Carolina",1971,2627000,8188
"South_Carolina",1972,2665000,10312
"South_Carolina",1973,2726000,10757
"South_Carolina",1974,2784000,12688
"South_Carolina",1975,2818000,14412
"South_Carolina",1976,2848000,17065
"South_Carolina",1977,2876000,18297
"South_Carolina",1978,2918000,18604
"South_Carolina",1979,2932000,19889
"South_Carolina",1980,3064557,20225
"South_Carolina",1981,3166000,20275
"South_Carolina",1982,3203000,23061
"South_Carolina",1983,3264000,20133
"South_Carolina",1984,3300000,20607
"South_Carolina",1985,3347000,21121
"South_Carolina",1986,3378000,22789
"South_Carolina",1987,3425000,22773
"South_Carolina",1988,3493000,25889
"South_Carolina",1989,3512000,28576
"South_Carolina",1990,3486703,34050
"South_Carolina",1991,3560000,34621
"South_Carolina",1992,3603000,34029
"South_Carolina",1993,3643000,37281
"South_Carolina",1994,3664000,37756
"South_Carolina",1995,3673000,36067
"South_Carolina",1996,3699000,36875
"South_Carolina",1997,3760000,37235
"South_Carolina",1998,3836000,34647
"South_Carolina",1999,3886000,32920
"South_Carolina",2000,4012012,33225
"South_Carolina",2001,4063011,29265
"South_Carolina",2002,4103770,33761
"South_Carolina",2003,4148744,33455
"South_Carolina",2004,4197892,33160
"South_Carolina",2005,4255083,32384
"South_Dakota",1960,680514,282
"South_Dakota",1961,690000,245
"South_Dakota",1962,721000,279
"South_Dakota",1963,737000,278
"South_Dakota",1964,715000,408
"South_Dakota",1965,703000,415
"South_Dakota",1966,682000,568
"South_Dakota",1967,674000,586
"South_Dakota",1968,657000,563
"South_Dakota",1969,659000,510
"South_Dakota",1970,666257,616
"South_Dakota",1971,670000,644
"South_Dakota",1972,679000,756
"South_Dakota",1973,685000,869
"South_Dakota",1974,682000,1234
"South_Dakota",1975,683000,1402
"South_Dakota",1976,686000,1277
"South_Dakota",1977,689000,1303
"South_Dakota",1978,690000,1128
"South_Dakota",1979,689000,1096
"South_Dakota",1980,688217,873
"South_Dakota",1981,685000,718
"South_Dakota",1982,691000,684
"South_Dakota",1983,700000,840
"South_Dakota",1984,706000,1041
"South_Dakota",1985,708000,967
"South_Dakota",1986,708000,883
"South_Dakota",1987,709000,849
"South_Dakota",1988,715000,813
"South_Dakota",1989,715000,969
"South_Dakota",1990,696004,1133
"South_Dakota",1991,703000,1281
"South_Dakota",1992,711000,1383
"South_Dakota",1993,715000,1490
"South_Dakota",1994,721000,1641
"South_Dakota",1995,729000,1513
"South_Dakota",1996,732000,1297
"South_Dakota",1997,738000,1457
"South_Dakota",1998,738000,1139
"South_Dakota",1999,733000,1227
"South_Dakota",2000,754844,1259
"South_Dakota",2001,756600,1171
"South_Dakota",2002,760437,1350
"South_Dakota",2003,764905,1329
"South_Dakota",2004,770621,1319
"South_Dakota",2005,775933,1363
"Tennessee",1960,3567089,3250
"Tennessee",1961,3615000,3910
"Tennessee",1962,3634000,3767
"Tennessee",1963,3694000,3777
"Tennessee",1964,3798000,4505
"Tennessee",1965,3845000,5333
"Tennessee",1966,3883000,6145
"Tennessee",1967,3892000,8111
"Tennessee",1968,3976000,8766
"Tennessee",1969,3985000,9235
"Tennessee",1970,3924164,10787
"Tennessee",1971,3990000,12520
"Tennessee",1972,4031000,12858
"Tennessee",1973,4126000,14771
"Tennessee",1974,4129000,15969
"Tennessee",1975,4188000,16627
"Tennessee",1976,4214000,16574
"Tennessee",1977,4299000,16743
"Tennessee",1978,4357000,16671
"Tennessee",1979,4380000,18135
"Tennessee",1980,4545590,20824
"Tennessee",1981,4610000,19019
"Tennessee",1982,4651000,19586
"Tennessee",1983,4685000,18836
"Tennessee",1984,4717000,21010
"Tennessee",1985,4762000,22592
"Tennessee",1986,4803000,25919
"Tennessee",1987,4855000,25900
"Tennessee",1988,4919000,26205
"Tennessee",1989,4940000,27118
"Tennessee",1990,4877185,32698
"Tennessee",1991,4953000,35955
"Tennessee",1992,5024000,37487
"Tennessee",1993,5099000,39047
"Tennessee",1994,5175000,38705
"Tennessee",1995,5256000,40549
"Tennessee",1996,5320000,41175
"Tennessee",1997,5368000,42389
"Tennessee",1998,5431000,38832
"Tennessee",1999,5484000,38111
"Tennessee",2000,5689283,40233
"Tennessee",2001,5740021,42778
"Tennessee",2002,5789796,41562
"Tennessee",2003,5845208,40409
"Tennessee",2004,5893298,41113
"Tennessee",2005,5962959,44891
"Texas",1960,9579677,15428
"Texas",1961,9788000,15441
"Texas",1962,10116000,15516
"Texas",1963,10323000,17511
"Texas",1964,10397000,19769
"Texas",1965,10551000,21029
"Texas",1966,10752000,24382
"Texas",1967,10869000,26749
"Texas",1968,10972000,29646
"Texas",1969,11187000,36707
"Texas",1970,11196000,40897
"Texas",1971,11460000,43089
"Texas",1972,11649000,41285
"Texas",1973,11794000,45458
"Texas",1974,12050000,47008
"Texas",1975,12237000,47803
"Texas",1976,12487000,44422
"Texas",1977,12830000,52309
"Texas",1978,13014000,56650
"Texas",1979,13385000,67988
"Texas",1980,14169829,77978
"Texas",1981,14755000,78560
"Texas",1982,15280000,88178
"Texas",1983,15724000,80546
"Texas",1984,15989000,80737
"Texas",1985,16370000,90030
"Texas",1986,16682000,109925
"Texas",1987,16789000,105961
"Texas",1988,16780000,109499
"Texas",1989,16991000,111889
"Texas",1990,16986510,129343
"Texas",1991,17349000,145743
"Texas",1992,17656000,142369
"Texas",1993,18031000,137419
"Texas",1994,18378000,129838
"Texas",1995,18724000,124303
"Texas",1996,19128000,123270
"Texas",1997,19439000,117126
"Texas",1998,19760000,111566
"Texas",1999,20044000,112306
"Texas",2000,20851820,113653
"Texas",2001,21325018,122155
"Texas",2002,21736925,126018
"Texas",2003,22103374,122246
"Texas",2004,22471549,121554
"Texas",2005,22859968,121091
"Utah",1960,890627,484
"Utah",1961,916000,451
"Utah",1962,967000,554
"Utah",1963,983000,598
"Utah",1964,992000,888
"Utah",1965,990000,886
"Utah",1966,1008000,1148
"Utah",1967,1024000,1194
"Utah",1968,1034000,1201
"Utah",1969,1045000,1460
"Utah",1970,1059273,1459
"Utah",1971,1099000,1689
"Utah",1972,1126000,2063
"Utah",1973,1157000,2412
"Utah",1974,1173000,2517
"Utah",1975,1206000,2795
"Utah",1976,1228000,2709
"Utah",1977,1268000,3043
"Utah",1978,1307000,3552
"Utah",1979,1367000,4158
"Utah",1980,1458729,4425
"Utah",1981,1516000,4527
"Utah",1982,1554000,4440
"Utah",1983,1619000,4144
"Utah",1984,1652000,4035
"Utah",1985,1645000,4398
"Utah",1986,1665000,4441
"Utah",1987,1680000,3861
"Utah",1988,1691000,4110
"Utah",1989,1707000,4417
"Utah",1990,1722850,4892
"Utah",1991,1770000,5077
"Utah",1992,1813000,5267
"Utah",1993,1860000,5599
"Utah",1994,1908000,5810
"Utah",1995,1951000,6415
"Utah",1996,2000000,6638
"Utah",1997,2059000,6878
"Utah",1998,2100000,6599
"Utah",1999,2130000,5869
"Utah",2000,2233169,5711
"Utah",2001,2269789,5314
"Utah",2002,2318789,5488
"Utah",2003,2352119,5889
"Utah",2004,2420708,5647
"Utah",2005,2469585,5612
"Vermont",1960,389881,37
"Vermont",1961,395000,79
"Vermont",1962,390000,57
"Vermont",1963,390000,92
"Vermont",1964,409000,89
"Vermont",1965,397000,89
"Vermont",1966,405000,80
"Vermont",1967,417000,86
"Vermont",1968,422000,157
"Vermont",1969,439000,234
"Vermont",1970,444732,329
"Vermont",1971,458000,333
"Vermont",1972,462000,445
"Vermont",1973,464000,327
"Vermont",1974,470000,353
"Vermont",1975,471000,448
"Vermont",1976,476000,563
"Vermont",1977,483000,722
"Vermont",1978,487000,810
"Vermont",1979,493000,908
"Vermont",1980,511299,914
"Vermont",1981,515000,659
"Vermont",1982,516000,655
"Vermont",1983,525000,696
"Vermont",1984,530000,769
"Vermont",1985,535000,790
"Vermont",1986,541000,807
"Vermont",1987,548000,748
"Vermont",1988,556000,791
"Vermont",1989,567000,753
"Vermont",1990,562758,716
"Vermont",1991,567000,662
"Vermont",1992,570000,624
"Vermont",1993,576000,658
"Vermont",1994,580000,562
"Vermont",1995,585000,692
"Vermont",1996,589000,714
"Vermont",1997,589000,705
"Vermont",1998,591000,628
"Vermont",1999,594000,676
"Vermont",2000,608827,691
"Vermont",2001,613090,644
"Vermont",2002,616408,658
"Vermont",2003,619343,707
"Vermont",2004,621233,713
"Vermont",2005,623050,746
"Virginia",1960,3966949,7286
"Virginia",1961,4059000,7555
"Virginia",1962,4177000,7720
"Virginia",1963,4331000,8259
"Virginia",1964,4378000,10561
"Virginia",1965,4457000,10145
"Virginia",1966,4507000,10399
"Virginia",1967,4536000,10328
"Virginia",1968,4597000,12821
"Virginia",1969,4669000,12433
"Virginia",1970,4648494,14040
"Virginia",1971,4714000,15384
"Virginia",1972,4764000,16483
"Virginia",1973,4811000,16007
"Virginia",1974,4908000,17514
"Virginia",1975,4967000,18917
"Virginia",1976,5032000,15485
"Virginia",1977,5135000,14893
"Virginia",1978,5148000,14743
"Virginia",1979,5197000,15642
"Virginia",1980,5323412,16355
"Virginia",1981,5426000,17456
"Virginia",1982,5491000,16970
"Virginia",1983,5550000,16236
"Virginia",1984,5636000,16660
"Virginia",1985,5706000,16813
"Virginia",1986,5787000,17708
"Virginia",1987,5904000,17414
"Virginia",1988,5996000,17940
"Virginia",1989,6098000,19057
"Virginia",1990,6187358,21694
"Virginia",1991,6286000,23459
"Virginia",1992,6377000,23907
"Virginia",1993,6491000,24160
"Virginia",1994,6552000,23437
"Virginia",1995,6618000,23921
"Virginia",1996,6675000,22782
"Virginia",1997,6734000,23249
"Virginia",1998,6791000,22115
"Virginia",1999,6873000,21626
"Virginia",2000,7078515,19943
"Virginia",2001,7187734,20939
"Virginia",2002,7287829,21256
"Virginia",2003,7365284,20490
"Virginia",2004,7481332,20608
"Virginia",2005,7567465,21400
"Washington",1960,2853214,1616
"Washington",1961,2902000,1687
"Washington",1962,3006000,1913
"Washington",1963,3050000,2034
"Washington",1964,2984000,2761
"Washington",1965,2990000,3081
"Washington",1966,2980000,3673
"Washington",1967,3087000,4754
"Washington",1968,3276000,6970
"Washington",1969,3402000,8243
"Washington",1970,3409169,7546
"Washington",1971,3449000,8155
"Washington",1972,3443000,8627
"Washington",1973,3429000,9309
"Washington",1974,3476000,12036
"Washington",1975,3544000,13851
"Washington",1976,3612000,14036
"Washington",1977,3658000,13714
"Washington",1978,3774000,15296
"Washington",1979,3926000,17064
"Washington",1980,4113331,19098
"Washington",1981,4212000,18839
"Washington",1982,4245000,17251
"Washington",1983,4300000,15986
"Washington",1984,4349000,17676
"Washington",1985,4409000,18757
"Washington",1986,4463000,19505
"Washington",1987,4538000,19945
"Washington",1988,4619000,21543
"Washington",1989,4761000,22460
"Washington",1990,4866692,24410
"Washington",1991,5018000,26224
"Washington",1992,5136000,27454
"Washington",1993,5255000,27040
"Washington",1994,5343000,27317
"Washington",1995,5431000,26300
"Washington",1996,5533000,23857
"Washington",1997,5610000,24724
"Washington",1998,5689000,24380
"Washington",1999,5756000,21716
"Washington",2000,5894121,21788
"Washington",2001,5987973,21258
"Washington",2002,6067060,20964
"Washington",2003,6131298,21272
"Washington",2004,6207046,21330
"Washington",2005,6287759,21745
"West_Virginia",1960,1860421,1200
"West_Virginia",1961,1850000,1167
"West_Virginia",1962,1773000,1146
"West_Virginia",1963,1778000,1185
"West_Virginia",1964,1797000,1359
"West_Virginia",1965,1812000,1413
"West_Virginia",1966,1794000,1613
"West_Virginia",1967,1798000,1744
"West_Virginia",1968,1805000,1959
"West_Virginia",1969,1819000,1766
"West_Virginia",1970,1744237,2158
"West_Virginia",1971,1752000,2311
"West_Virginia",1972,1781000,2299
"West_Virginia",1973,1794000,2219
"West_Virginia",1974,1791000,2460
"West_Virginia",1975,1803000,2915
"West_Virginia",1976,1821000,2761
"West_Virginia",1977,1859000,2832
"West_Virginia",1978,1860000,3120
"West_Virginia",1979,1878000,3156
"West_Virginia",1980,1930787,3547
"West_Virginia",1981,1951000,3410
"West_Virginia",1982,1948000,3405
"West_Virginia",1983,1965000,3375
"West_Virginia",1984,1952000,3283
"West_Virginia",1985,1936000,3214
"West_Virginia",1986,1919000,3156
"West_Virginia",1987,1897000,2605
"West_Virginia",1988,1884000,2476
"West_Virginia",1989,1857000,2724
"West_Virginia",1990,1793477,3036
"West_Virginia",1991,1801000,3440
"West_Virginia",1992,1812000,3833
"West_Virginia",1993,1820000,3793
"West_Virginia",1994,1822000,3931
"West_Virginia",1995,1828000,3842
"West_Virginia",1996,1826000,3836
"West_Virginia",1997,1816000,3971
"West_Virginia",1998,1811000,4503
"West_Virginia",1999,1807000,6336
"West_Virginia",2000,1808344,5723
"West_Virginia",2001,1801916,5035
"West_Virginia",2002,1804884,4221
"West_Virginia",2003,1811440,4627
"West_Virginia",2004,1812548,5110
"West_Virginia",2005,1816856,4957
"Wisconsin",1960,3951777,1261
"Wisconsin",1961,4022000,1268
"Wisconsin",1962,4092000,1174
"Wisconsin",1963,4061000,1312
"Wisconsin",1964,4107000,1762
"Wisconsin",1965,4144000,1911
"Wisconsin",1966,4161000,1984
"Wisconsin",1967,4189000,2948
"Wisconsin",1968,4213000,3400
"Wisconsin",1969,4233000,3411
"Wisconsin",1970,4417933,3792
"Wisconsin",1971,4476000,3957
"Wisconsin",1972,4520000,4358
"Wisconsin",1973,4569000,5273
"Wisconsin",1974,4566000,6411
"Wisconsin",1975,4607000,6992
"Wisconsin",1976,4609000,6345
"Wisconsin",1977,4651000,6117
"Wisconsin",1978,4679000,6184
"Wisconsin",1979,4720000,7839
"Wisconsin",1980,4680917,8546
"Wisconsin",1981,4739000,8904
"Wisconsin",1982,4765000,9077
"Wisconsin",1983,4751000,9070
"Wisconsin",1984,4766000,9367
"Wisconsin",1985,4775000,9880
"Wisconsin",1986,4785000,12339
"Wisconsin",1987,4807000,12014
"Wisconsin",1988,4858000,10414
"Wisconsin",1989,4867000,10834
"Wisconsin",1990,4891769,12948
"Wisconsin",1991,4955000,13723
"Wisconsin",1992,5007000,13806
"Wisconsin",1993,5038000,13321
"Wisconsin",1994,5082000,13748
"Wisconsin",1995,5123000,14399
"Wisconsin",1996,5160000,13039
"Wisconsin",1997,5170000,13988
"Wisconsin",1998,5224000,13009
"Wisconsin",1999,5250000,12908
"Wisconsin",2000,5363675,12700
"Wisconsin",2001,5401906,12486
"Wisconsin",2002,5439692,12238
"Wisconsin",2003,5474290,12104
"Wisconsin",2004,5503533,11548
"Wisconsin",2005,5536201,13371
"Wyoming",1960,330066,362
"Wyoming",1961,338000,288
"Wyoming",1962,365000,156
"Wyoming",1963,337000,213
"Wyoming",1964,343000,285
"Wyoming",1965,340000,257
"Wyoming",1966,329000,273
"Wyoming",1967,315000,294
"Wyoming",1968,315000,278
"Wyoming",1969,320000,286
"Wyoming",1970,332416,376
"Wyoming",1971,340000,532
"Wyoming",1972,345000,511
"Wyoming",1973,353000,763
"Wyoming",1974,359000,519
"Wyoming",1975,374000,764
"Wyoming",1976,390000,851
"Wyoming",1977,406000,978
"Wyoming",1978,424000,1189
"Wyoming",1979,450000,1579
"Wyoming",1980,468954,1841
"Wyoming",1981,492000,2116
"Wyoming",1982,502000,1527
"Wyoming",1983,514000,1219
"Wyoming",1984,511000,1237
"Wyoming",1985,509000,1307
"Wyoming",1986,507000,1486
"Wyoming",1987,490000,1387
"Wyoming",1988,471000,1479
"Wyoming",1989,475000,1227
"Wyoming",1990,453588,1367
"Wyoming",1991,460000,1427
"Wyoming",1992,466000,1489
"Wyoming",1993,470000,1345
"Wyoming",1994,476000,1297
"Wyoming",1995,480000,1220
"Wyoming",1996,481000,1201
"Wyoming",1997,480000,1225
"Wyoming",1998,481000,1191
"Wyoming",1999,480000,1115
"Wyoming",2000,493782,1316
"Wyoming",2001,494423,1272
"Wyoming",2002,498830,1364
"Wyoming",2003,502111,1314
"Wyoming",2004,505887,1163
"Wyoming",2005,509294,1172
